ID,TITLE,URL,PUBLISHER,CATEGORY,STORY,HOSTNAME,TIMESTAMP
1,"Fed official says weak data caused by weather, should not slow taper","http://www.latimes.com/business/money/la-fi-mo-federal-reserve-plosser-stimulus-economy-20140310,0,1312750.story\?track=rss",Los Angeles Times,b,ddUyU0VZz0BRneMioxUPQVP6sIxvM,www.latimes.com,1.39447E+12
2,Fed's Charles Plosser sees high bar for change in pace of tapering,http://www.livemint.com/Politics/H2EvwJSK2VE6OF7iK1g3PP/Feds-Charles-Plosser-sees-high-bar-for-change-in-pace-of-ta.html,Livemint,b,ddUyU0VZz0BRneMioxUPQVP6sIxvM,www.livemint.com,1.39447E+12
3,US open: Stocks fall after Fed official hints at accelerated tapering,http://www.ifamagazine.com/news/us-open-stocks-fall-after-fed-official-hints-at-accelerated-tapering-294436,IFA Magazine,b,ddUyU0VZz0BRneMioxUPQVP6sIxvM,www.ifamagazine.com,1.39447E+12
4,"Fed risks falling 'behind the curve', Charles Plosser says",http://www.ifamagazine.com/news/fed-risks-falling-behind-the-curve-charles-plosser-says-294430,IFA Magazine,b,ddUyU0VZz0BRneMioxUPQVP6sIxvM,www.ifamagazine.com,1.39447E+12
5,Fed's Plosser: Nasty Weather Has Curbed Job Growth,http://www.moneynews.com/Economy/federal-reserve-charles-plosser-weather-job-growth/2014/03/10/id/557011,Moneynews,b,ddUyU0VZz0BRneMioxUPQVP6sIxvM,www.moneynews.com,1.39447E+12
6,Plosser: Fed May Have to Accelerate Tapering Pace,http://www.nasdaq.com/article/plosser-fed-may-have-to-accelerate-tapering-pace-20140310-00371,NASDAQ,b,ddUyU0VZz0BRneMioxUPQVP6sIxvM,www.nasdaq.com,1.39447E+12
7,Fed's Plosser: Taper pace may be too slow,http://www.marketwatch.com/story/feds-plosser-taper-pace-may-be-too-slow-2014-03-10\?reflink=MW_news_stmp,MarketWatch,b,ddUyU0VZz0BRneMioxUPQVP6sIxvM,www.marketwatch.com,1.39447E+12
8,Fed's Plosser expects US unemployment to fall to 6.2% by the end of 2014,http://www.fxstreet.com/news/forex-news/article.aspx\?storyid=23285020-b1b5-47ed-a8c4-96124bb91a39,FXstreet.com,b,ddUyU0VZz0BRneMioxUPQVP6sIxvM,www.fxstreet.com,1.39447E+12
9,US jobs growth last month hit by weather:Fed President Charles Plosser,http://economictimes.indiatimes.com/news/international/business/us-jobs-growth-last-month-hit-by-weatherfed-president-charles-plosser/articleshow/31788000.cms,Economic Times,b,ddUyU0VZz0BRneMioxUPQVP6sIxvM,economictimes.indiatimes.com,1.39447E+12
10,ECB unlikely to end sterilisation of SMP purchases - traders,http://www.iii.co.uk/news-opinion/reuters/news/152615,Interactive Investor,b,dPhGU51DcrolUIMxbRm0InaHGA2XM,www.iii.co.uk,1.39447E+12
11,ECB unlikely to end sterilization of SMP purchases: traders,http://in.reuters.com/article/2014/03/10/us-ecb-refi-poll-idINBREA290VH20140310,Reuters India,b,dPhGU51DcrolUIMxbRm0InaHGA2XM,in.reuters.com,1.39447E+12
12,EU's half-baked bank union could work,http://blogs.reuters.com/hugo-dixon/2014/03/10/eus-half-baked-bank-union-could-work/,Reuters UK \(blog\),b,dPhGU51DcrolUIMxbRm0InaHGA2XM,blogs.reuters.com,1.39447E+12
13,Europe reaches crunch point on banking union,http://in.reuters.com/article/2014/03/10/eu-banks-resoluton-idINL6N0M71NJ20140310,Reuters,b,dPhGU51DcrolUIMxbRm0InaHGA2XM,in.reuters.com,1.39447E+12
14,ECB FOCUS-Stronger euro drowns out ECB's message to keep rates low for  ...,http://in.reuters.com/article/2014/03/10/ecb-policy-idINL6N0M71K320140310,Reuters,b,dPhGU51DcrolUIMxbRm0InaHGA2XM,in.reuters.com,1.39447E+12
15,EU aims for deal on tackling failing banks,http://main.omanobserver.om/\?p=63376,Oman Daily Observer,b,dPhGU51DcrolUIMxbRm0InaHGA2XM,main.omanobserver.om,1.39447E+12
16,Forex - Pound drops to one-month lows against euro,http://www.nasdaq.com/article/forex-pound-drops-to-onemonth-lows-against-euro-cm333750,NASDAQ,b,dPhGU51DcrolUIMxbRm0InaHGA2XM,www.nasdaq.com,1.39447E+12
17,Noyer Says Strong Euro Creates Unwarranted Economic Pressure,http://www.sfgate.com/business/bloomberg/article/Noyer-Says-Strong-Euro-Creates-Unwarranted-5303474.php,San Francisco Chronicle,b,dPhGU51DcrolUIMxbRm0InaHGA2XM,www.sfgate.com,1.39447E+12
18,"EU Week Ahead March 10-14: Bank Resolution, Transparency, Ukraine",http://blogs.wsj.com/brussels/2014/03/10/eu-week-ahead-march-10-14-bank-resolution-transparency-ukraine/,Wall Street Journal \(blog\),b,dPhGU51DcrolUIMxbRm0InaHGA2XM,blogs.wsj.com,1.39447E+12
19,ECB member Noyer is 'very open to all kinds of tools',http://www.ifamagazine.com/news/ecb-member-noyer-is-very-open-to-all-kinds-of-tools-294431,IFA Magazine,b,dPhGU51DcrolUIMxbRm0InaHGA2XM,www.ifamagazine.com,1.39447E+12
20,"Euro Anxieties Wane as Bunds Top Treasuries, Spain Debt Rallies",http://www.businessweek.com/news/2014-03-10/german-bonds-beat-treasuries-with-yield-spread-widest-in-7-years,Businessweek,b,dPhGU51DcrolUIMxbRm0InaHGA2XM,www.businessweek.com,1.39447E+12
21,Noyer Says Strong Euro Creates Unwarranted Economic Pressure (1),http://www.businessweek.com/news/2014-03-10/noyer-says-stronger-euro-creates-unwarranted-pressure-on-economy,Businessweek,b,dPhGU51DcrolUIMxbRm0InaHGA2XM,www.businessweek.com,1.39447E+12
22,Noyer Says Stronger Euro Creates Unwarranted Pressure on Economy,http://www.sfgate.com/business/bloomberg/article/Noyer-Says-Stronger-Euro-Creates-Unwarranted-5303368.php,San Francisco Chronicle,b,dPhGU51DcrolUIMxbRm0InaHGA2XM,www.sfgate.com,1.39447E+12
23,Bad loan triggers key feature in ECB bank test announcement: sources,http://www.globalpost.com/dispatch/news/thomson-reuters/140310/bad-loan-triggers-key-feature-ecb-bank-test-announcement-source,GlobalPost,b,dPhGU51DcrolUIMxbRm0InaHGA2XM,www.globalpost.com,1.39447E+12
24,"China's trade deficit and structural worries in Europe, among the main issues",http://www.fxstreet.com/analysis/strategic-currency-briefing/2014/03/10/,FXstreet.com,b,dPhGU51DcrolUIMxbRm0InaHGA2XM,www.fxstreet.com,1.39447E+12
25,10 Things You Need To Know This Morning,http://www.businessinsider.com/opening-bell-monday-10-2014-3,Business Insider,b,dPhGU51DcrolUIMxbRm0InaHGA2XM,www.businessinsider.com,1.39447E+12
26,ECB's Noyer not Happy With Euro Strength -- Update,http://online.wsj.com/article/BT-CO-20140310-705733.html,Wall Street Journal,b,dPhGU51DcrolUIMxbRm0InaHGA2XM,online.wsj.com,1.39447E+12
27,Eurozone banks' sovereign exposure hits new high,http://www.ekathimerini.com/4dcgi/_w_articles_wsite2_1_10/03/2014_538029,Kathimerini,b,dPhGU51DcrolUIMxbRm0InaHGA2XM,www.ekathimerini.com,1.39447E+12
28,ECB to reveal bad loan hurdles for euro zone bank test,http://www.irishtimes.com/business/sectors/financial-services/ecb-to-reveal-bad-loan-hurdles-for-euro-zone-bank-test-1.1719128,Irish Times,b,dPhGU51DcrolUIMxbRm0InaHGA2XM,www.irishtimes.com,1.39447E+12
29,Forex Market: EUR/USD retreats from 2-1/2-year highs as stronger euro seen  ...,http://www.binarytribune.com/2014/03/10/forex-market-eurusd-retreats-from-2-12-year-highs-as-stronger-euro-seen-creating-pressure-on-economy/,Binary Tribune,b,dPhGU51DcrolUIMxbRm0InaHGA2XM,www.binarytribune.com,1.39447E+12
92922,Samsung Galaxy Ace Style – Top 2014 Cheap Smartphone,http://culturemob.com/samsung-galaxy-ace-style-top-2014-cheap-smartphone,CultureMob \(blog\),t,dl_hMP5W9n5HRaMnBjTH7XqdiGMTM,culturemob.com,1.39699E+12
92923,Samsung Galaxy Note 2( N7100) vs LG Nexus 5 (16 GB) :LG Nexus 5 wins,http://www.aegindia.org/2014/04/samsung-galaxy-note-2-n7100-vs-lg-nexus-5-16-gb-lg-nexus-5-wins/2149936.html,AEG India,t,dl_hMP5W9n5HRaMnBjTH7XqdiGMTM,www.aegindia.org,1.39699E+12
92924,Samsung announces budget KitKat smartphone,http://www.cable.co.uk/news/samsung-announces-budget-kitkat-smartphone-801710630/,Cable.co.uk,t,dl_hMP5W9n5HRaMnBjTH7XqdiGMTM,www.cable.co.uk,1.39699E+12
92925,Samsung adds Galaxy Ace Style to portfolio,http://www.mobilenewscwp.co.uk/2014/04/08/samsung-adds-galaxy-ace-style-to-smartphone-portfolio/,Mobile News,t,dl_hMP5W9n5HRaMnBjTH7XqdiGMTM,www.mobilenewscwp.co.uk,1.39699E+12
92926,Galaxy S5: Samsung Sues Electronic Times Over Negative Reviews,http://www.technewsplus.com/samsung-sues-korean-newspaper-for-negative-reviews-on-galaxy-s5/1970/,Tech News Plus,t,dl_hMP5W9n5HRaMnBjTH7XqdiGMTM,www.technewsplus.com,1.39699E+12
92927,"Samsung Galaxy S3 Neo India Price Revealed; Availability, Specification Details",http://www.ibtimes.co.in/articles/547173/20140408/samsung-galaxy-s3-neo-india-price-availability.htm,"International Business Times, India Edition",t,dl_hMP5W9n5HRaMnBjTH7XqdiGMTM,www.ibtimes.co.in,1.39699E+12
92928,"Samsung Galaxy Ace Style arrives, thinks it's down with the kids",http://www.techradar.com/news/phone-and-communications/mobile-phones/samsung-galaxy-ace-style-arrives-thinks-it-s-down-with-the-kids-1240619,TechRadar UK,t,dl_hMP5W9n5HRaMnBjTH7XqdiGMTM,www.techradar.com,1.39699E+12
92929,"Samsung intros Galaxy Ace Style, a mid-range 4″ KitKat cutie",http://gearburn.com/2014/04/samsung-intros-galaxy-ace-style-a-mid-range-4-kitkat-cutie/,gearburn,t,dl_hMP5W9n5HRaMnBjTH7XqdiGMTM,gearburn.com,1.39699E+12
92930,Samsung Galaxy S3 Neo Officially Available At Rs. 26200: Top 7 Attractive  ...,http://www.gizbot.com/mobile/samsung-galaxy-s3-neo-midrange-phone-best-price-online-deals-buy-india-016562.html,Gizbot,t,dl_hMP5W9n5HRaMnBjTH7XqdiGMTM,www.gizbot.com,1.39699E+12
92931,M-Edge Samsung Galaxy S5 Cases Coming Soon,http://www.itbusinessnet.com/article/M-Edge-Samsung-Galaxy-S5-Cases-Coming-Soon-3170595,IT Business Net,t,dl_hMP5W9n5HRaMnBjTH7XqdiGMTM,www.itbusinessnet.com,1.39699E+12
92932,Samsung Galaxy Ace Style Confirmed for Worldwide Release This Month,http://www.androidheadlines.com/2014/04/samsung-galaxy-ace-style-confirmed-worldwide-release-month.html,Android Headlines - Android News,t,dl_hMP5W9n5HRaMnBjTH7XqdiGMTM,www.androidheadlines.com,1.39699E+12
92933,Kitkat Powered Samsung GALAXY ACE Style Is Now Official,http://www.techtree.com/content/news/5904/kitkat-powered-samsung-galaxy-ace-style-official.html,Techtree.com,t,dl_hMP5W9n5HRaMnBjTH7XqdiGMTM,www.techtree.com,1.39699E+12
92934,Samsung Galaxy Ace Style: Entry Level Android KitKat Smartphone Goes Official,http://www.gizbot.com/mobile/samsung-galaxy-ace-style-entry-level-kitkat-smartphone-goes-official-016561.html,Gizbot,t,dl_hMP5W9n5HRaMnBjTH7XqdiGMTM,www.gizbot.com,1.39699E+12
92935,Samsung Galaxy S5 confirmed to be priced at INR 51500 in India: Reports,http://www.androidos.in/2014/04/samsung-galaxy-s5-confirmed-priced-inr-51500-india-reports/,AndroidOS.in,t,dl_hMP5W9n5HRaMnBjTH7XqdiGMTM,www.androidos.in,1.39699E+12
92936,Samsung Galaxy S5: 10 things you probably didn't know,http://www.pocket-lint.com/news/128333-samsung-galaxy-s5-10-things-you-probably-didn-t-know,Pocket-lint.com,t,dl_hMP5W9n5HRaMnBjTH7XqdiGMTM,www.pocket-lint.com,1.39699E+12
92937,Samsung Galaxy S3 Neo pricing revealed,http://tech.firstpost.com/news-analysis/samsung-galaxy-s3-neo-launched-rs-26200-221327.html,Firstpost,t,dl_hMP5W9n5HRaMnBjTH7XqdiGMTM,tech.firstpost.com,1.39699E+12
92938,Samsung Galaxy Ace Style launched with Android 4.4 KitKat: Features  ...,http://www.bgr.in/manufacturers/samsung/samsung-galaxy-ace-style-launched-with-android-4-4-kitkat-features-specifications-and-comparison-hr414/,BGR India,t,dl_hMP5W9n5HRaMnBjTH7XqdiGMTM,www.bgr.in,1.39699E+12
92939,Samsung Galaxy Ace Style with Android 4 4 KitKat launched,http://post.jagran.com/samsung-galaxy-ace-style-with-android-4-4-kitkat-launched-1396941294,Jagran Post,t,dl_hMP5W9n5HRaMnBjTH7XqdiGMTM,post.jagran.com,1.39699E+12
92940,Samsung Galaxy Ace Style: Low price mid-range phone launched,http://mobiles.sulekha.com/samsung-galaxy-ace-style-low-price-mid-range-phone-launched_news_715,Sulekha.com,t,dl_hMP5W9n5HRaMnBjTH7XqdiGMTM,mobiles.sulekha.com,1.39699E+12
92941,Galaxy S3 Neo goes on sale as Samsung cuts Note 3 Neo price in India,http://www.androidos.in/2014/04/galaxy-s3-neo-goes-sale-samsung-cuts-note-3-neo-price-india/,AndroidOS.in,t,dl_hMP5W9n5HRaMnBjTH7XqdiGMTM,www.androidos.in,1.39699E+12
92942,New Samsung Galaxy S5 Promo used by Verizon to attract customers,http://thefadaily.com/technology-22/new-samsung-galaxy-s5-promo-used-by-verizon-to-attract-customers-453.html,The FA Daily,t,dl_hMP5W9n5HRaMnBjTH7XqdiGMTM,thefadaily.com,1.39699E+12
92943,Samsung Galaxy Note 4 specs leaked; might compete with Apple's rumoured 5.5  ...,http://ibnlive.in.com/news/samsung-galaxy-note-4-specs-leaked-might-compete-with-apples-rumoured-55inch-iphone/463437-11.html,IBNLive,t,dl_hMP5W9n5HRaMnBjTH7XqdiGMTM,ibnlive.in.com,1.39699E+12
92944,Samsung Launches Galaxy ACE Style With Android KitKat 4.4,http://www.techvorm.com/samsung-launches-galaxy-ace-style-android-kitkat-4-4/,TechVorm,t,dl_hMP5W9n5HRaMnBjTH7XqdiGMTM,www.techvorm.com,1.39699E+12
92945,Top 5 Samsung Galaxy Note 4 Confirmed Features on Release Date,http://au.ibtimes.com/articles/547149/20140408/samsung-galaxy-note-4-specs-features-release.htm,International Business Times AU,t,dl_hMP5W9n5HRaMnBjTH7XqdiGMTM,au.ibtimes.com,1.39699E+12
92946,Samsung Galaxy Ace Style with Android KitKat OS to Hit Global Markets this Month,http://www.ibtimes.co.in/articles/547148/20140408/samsung-galaxy-ace-style-android-kitkat-launch.htm,"International Business Times, India Edition",t,dl_hMP5W9n5HRaMnBjTH7XqdiGMTM,www.ibtimes.co.in,1.39699E+12
92947,The updates for Samsung Galaxy S3 Android 4.4 KitKat is still MIA,http://thefadaily.com/technology-22/the-updates-for-samsung-galaxy-s3-android-4-4-kitkat-is-still-mia-451.html,The FA Daily,t,dl_hMP5W9n5HRaMnBjTH7XqdiGMTM,thefadaily.com,1.39699E+12
92948,WSJ Review: Samsung Galaxy S5,http://blogs.wsj.com/korearealtime/2014/04/08/wsj-review-samsung-galaxy-s5/,Wall Street Journal \(blog\),t,dl_hMP5W9n5HRaMnBjTH7XqdiGMTM,blogs.wsj.com,1.39699E+12
92949,"Samsung Galaxy Ace Style is official, goes on sale this month",http://www.androidos.in/2014/04/samsung-galaxy-ace-style-official-goes-sale-month/,AndroidOS.in,t,dl_hMP5W9n5HRaMnBjTH7XqdiGMTM,www.androidos.in,1.39699E+12
92950,Samsung Galaxy Ace Style Gets Official,http://www.geeky-gadgets.com/samsung-galaxy-ace-style-gets-official-08-04-2014/,Geeky gadgets,t,dl_hMP5W9n5HRaMnBjTH7XqdiGMTM,www.geeky-gadgets.com,1.39699E+12
92951,Samsung Galaxy S5 heart rate monitor vs heart rate sensing app running on  ...,http://www.bgr.in/manufacturers/samsung/samsung-galaxy-s5-heart-rate-monitor-vs-heart-rate-sensing-app-running-on-galaxy-s4-and-iphone-5s-video/,BGR India,t,dl_hMP5W9n5HRaMnBjTH7XqdiGMTM,www.bgr.in,1.39699E+12
92952,Samsung Galaxy Ace Style Launched,http://www.ubergizmo.com/2014/04/samsung-galaxy-ace-style-launched/,Ubergizmo,t,dl_hMP5W9n5HRaMnBjTH7XqdiGMTM,www.ubergizmo.com,1.39699E+12
92953,Samsung Galaxy S3 Neo with 4.8-inch HD display launched at Rs. 26200,http://gadgets.ndtv.com/mobiles/news/samsung-galaxy-s3-neo-with-48-inch-hd-display-launched-at-rs-26200-505787,NDTV,t,dl_hMP5W9n5HRaMnBjTH7XqdiGMTM,gadgets.ndtv.com,1.39699E+12
92954,The First 14 Apps You Have To Download For Your New Samsung Galaxy S5,http://www.sfgate.com/technology/businessinsider/article/The-First-14-Apps-You-Have-To-Download-For-Your-5384406.php,SFGate,t,dl_hMP5W9n5HRaMnBjTH7XqdiGMTM,www.sfgate.com,1.39699E+12
92955,"Samsung Galaxy Note 4: Specs leak, price too early to speak",http://mobiles.sulekha.com/samsung-galaxy-note-4-specs-leak-price-too-early-to-speak_news_714,Sulekha.com,t,dl_hMP5W9n5HRaMnBjTH7XqdiGMTM,mobiles.sulekha.com,1.39699E+12
92956,Samsung Galaxy S5 India Price Revealed Ahead of 11 April Release: Report,http://www.ibtimes.co.in/articles/547120/20140408/samsung-galaxy-s5-india-price-april-release.htm,"International Business Times, India Edition",t,dl_hMP5W9n5HRaMnBjTH7XqdiGMTM,www.ibtimes.co.in,1.39699E+12
92957,Midrange Galaxy Ace Style smartphone unveiled by Samsung,http://thefadaily.com/technology-22/midrange-galaxy-ace-style-smartphone-unveiled-by-samsung-447.html,The FA Daily,t,dl_hMP5W9n5HRaMnBjTH7XqdiGMTM,thefadaily.com,1.39699E+12
92958,Review: Samsung Galaxy S 5 is the best Galaxy smart phone yet,http://www.foxnews.com/tech/2014/04/07/review-samsung-galaxy-s-5-is-best-galaxy-smart-phone-yet/,Fox News,t,dl_hMP5W9n5HRaMnBjTH7XqdiGMTM,www.foxnews.com,1.39699E+12
92959,Samsung Galaxy S5 Is the Upgrade You Can Skip,http://mashable.com/2014/04/08/samsung-galaxy-s5-review/\?utm_medium=feed&amp;utm_source=rss,Mashable,t,dl_hMP5W9n5HRaMnBjTH7XqdiGMTM,mashable.com,1.39699E+12
92960,Ed Baig: Hands on with the new Galaxy S 5,http://www.usatoday.com/videos/tech/columnist/baig/2014/04/08/7450855/,USA TODAY,t,dl_hMP5W9n5HRaMnBjTH7XqdiGMTM,www.usatoday.com,1.39699E+12
92961,Samsung Galaxy S5 vs Sony Xperia Z2: Price & Specification Comparison,http://www.gamerheadlines.com/2014/04/samsung-galaxy-s5-vs-sony-xperia-z2-price-specification-comparison/,The Gamer Headlines,t,dl_hMP5W9n5HRaMnBjTH7XqdiGMTM,www.gamerheadlines.com,1.39699E+12
92962,Buy-one-get-one free Samsung Galaxy S5,http://articles.sun-sentinel.com/2014-04-07/features/sfl-buy-one-get-one-free-samsung-galaxy-s5-verizon-20140407_1_fingerprint-scanner-verizon-deal-htc,Sun-Sentinel,t,dl_hMP5W9n5HRaMnBjTH7XqdiGMTM,articles.sun-sentinel.com,1.39699E+12
92963,Galaxy S5 vs Nexus 5 specs comparison,http://www.theinquirer.net/inquirer/review/2337232/galaxy-s5-vs-nexus-5-specs-comparison,Inquirer,t,dl_hMP5W9n5HRaMnBjTH7XqdiGMTM,www.theinquirer.net,1.39699E+12
92964,Samsung Galaxy S5 Zoom specs revealed,http://www.afterdawn.com/news/article.cfm/2014/04/05/samsung_galaxy_s5_zoom_specs_revealed\?utm_source=feedburner&amp;utm_medium=feed&amp;utm_campaign=Feed%3A+afterdawn+(AfterDawn.com),Afterdawn.com,t,dl_hMP5W9n5HRaMnBjTH7XqdiGMTM,www.afterdawn.com,1.39699E+12
92965,Just having a 4K TV isn't enough to see Netflix's 4K streams,http://arstechnica.com/gadgets/2014/04/just-having-a-4k-tv-isnt-enough-to-see-netflixs-4k-streams/,Ars Technica,t,dAQ_1McJbumqMjMeswMn8RZ7PpecM,arstechnica.com,1.39699E+12
92966,Netflix Offering 4K Video: Who Has Access and How Much?,http://wallstcheatsheet.com/technology/netflix-offering-4k-video-who-has-access-and-how-much.html/\?a=viewall,Wall St. Cheat Sheet,t,dAQ_1McJbumqMjMeswMn8RZ7PpecM,wallstcheatsheet.com,1.39699E+12
92967,Netflix streaming 'House of Cards' in 4k HEVC/H.265,http://hd-report.com/2014/04/08/netflix-streaming-house-of-cards-in-4k-hevch-265/,HD Report,t,dAQ_1McJbumqMjMeswMn8RZ7PpecM,hd-report.com,1.39699E+12
74556,How I Met Your Mother: What Happened in the Last Episode?,http://tvseriesfinale.com/tv-show/how-i-met-your-mother-what-happened-in-the-last-episode-32005/,TV Series Finale,e,dTNDcFkxpMIrspMnwiCGlmdKoRuiM,tvseriesfinale.com,1.39635E+12
74557,How I Met Your Mother ends a legendary run,http://www.cbs12.com/news/top-stories/stories/vid_14533.shtml,WPEC,e,dTNDcFkxpMIrspMnwiCGlmdKoRuiM,www.cbs12.com,1.39635E+12
74558,How I Met Your Mother 'Last Forever' Review,http://www.mstarz.com/articles/28407/20140331/met-mother-last-forever-review-kids.htm,Mstarz,e,dTNDcFkxpMIrspMnwiCGlmdKoRuiM,www.mstarz.com,1.39635E+12
74559,'Legendary' ending to How I Met Your Mother,http://www.theenterprisebulletin.com/2014/03/31/legendary-ending-to-how-i-met-your-mother,Collingwood Enterprise Bulletin,e,dTNDcFkxpMIrspMnwiCGlmdKoRuiM,www.theenterprisebulletin.com,1.39635E+12
74560,Kissing 'Mother' goodbye,http://www.philly.com/philly/blogs/dnhollywood/Kissing-the-Mother-goodbye.html,Philly.com \(blog\),e,dTNDcFkxpMIrspMnwiCGlmdKoRuiM,www.philly.com,1.39635E+12
74561,Review: 'How I Met Your Mother' finale ends in the worst way possible,http://www.tampabay.com/blogs/media/review-how-i-met-your-mother-finale-ends-in-the-worst-way-possible/2172846\?utm_source=feedburner&amp;utm_medium=feed&amp;utm_campaign=Feed%3A+tampabaycom%2Fblogs%2Fmedia+(The+Feed+%7C+tampabay.com),Tampabay.com \(blog\),e,dTNDcFkxpMIrspMnwiCGlmdKoRuiM,www.tampabay.com,1.39635E+12
74562,How I Met Your Mother Finale Watch: The Story Ends With 'Last Forever',http://www.cinemablend.com/television/How-I-Met-Your-Mother-Finale-Watch-Story-Ends-With-Last-Forever-63108.html,Cinema Blend,e,dTNDcFkxpMIrspMnwiCGlmdKoRuiM,www.cinemablend.com,1.39635E+12
74563,'How I Met Your Mother' Series Finale Recap: Ted Finally Finishes His Story,http://www.buddytv.com/articles/how-i-met-your-mother/how-i-met-your-mother-series-f-53123.aspx,BuddyTV,e,dTNDcFkxpMIrspMnwiCGlmdKoRuiM,www.buddytv.com,1.39635E+12
74564,How I Met Your Mother Series Finale: 10 Best Quotes,"http://www.people.com/people/article/0,,20802141,00.html",People Magazine,e,dTNDcFkxpMIrspMnwiCGlmdKoRuiM,www.people.com,1.39635E+12
74565,The final episode of 'How I Met Your Mother',http://nypost.com/2014/03/31/the-final-episode-of-how-i-met-your-mother/,New York Post,e,dTNDcFkxpMIrspMnwiCGlmdKoRuiM,nypost.com,1.39635E+12
74566,"'How I Met Your Mother' series finale: Ted Mosby, come blow your horn",http://blog.zap2it.com/frominsidethebox/2014/03/how-i-met-your-mother-series-finale-ted-mosby-come-blow-your-horn.html,Zap2it.com \(blog\),e,dTNDcFkxpMIrspMnwiCGlmdKoRuiM,blog.zap2it.com,1.39635E+12
74567,'How I Met Your Mother' finale: Legen ... wait for it ... dary?,http://www.nj.com/entertainment/tv/index.ssf/2014/03/how_i_met_your_mother_finale_is_the_mother_dead.html,NJ.com,e,dTNDcFkxpMIrspMnwiCGlmdKoRuiM,www.nj.com,1.39635E+12
74568,How 'Mother' met its ending,http://www.pnj.com/usatoday/article/7139369,Pensacola News Journal,e,dTNDcFkxpMIrspMnwiCGlmdKoRuiM,www.pnj.com,1.39635E+12
74569,'How I Met Your Mother' Series Finale Goes Far Into the Future -- With a Twist,http://www.hollywoodreporter.com/live-feed/how-i-met-your-mother-series-finale-692423,Hollywood Reporter,e,dTNDcFkxpMIrspMnwiCGlmdKoRuiM,www.hollywoodreporter.com,1.39635E+12
74570,Is 'How I Met Your Mother' The Best Ensemble Cast Show Ever?,http://www.contactmusic.com/article/how-i-met-your-mother-joins-best-shows-all-time_4133137,Contactmusic.com,e,dTNDcFkxpMIrspMnwiCGlmdKoRuiM,www.contactmusic.com,1.39635E+12
74571,Is 'How I Met Your Mother' REALLY over? -- EXCLUSIVE,http://insidetv.ew.com/2014/03/31/how-i-met-your-mother-really-over/,Entertainment Weekly,e,dTNDcFkxpMIrspMnwiCGlmdKoRuiM,insidetv.ew.com,1.39635E+12
74572,And that was how he met their mother,http://www.stltoday.com/entertainment/television/gail-pennington/and-that-was-how-he-met-their-mother/article_f943f234-5d34-58cf-86bd-fb34e1cc1493.html,STLtoday.com,e,dTNDcFkxpMIrspMnwiCGlmdKoRuiM,www.stltoday.com,1.39635E+12
74573,'How I Met Your Mother' Series Finale Revisits Pilot in Final Scene (Video),http://www.hollywoodreporter.com/live-feed/video-how-i-met-your-mother-series-finale-692450,Hollywood Reporter,e,dTNDcFkxpMIrspMnwiCGlmdKoRuiM,www.hollywoodreporter.com,1.39635E+12
74574,Finale for CBS TV comedy 'How I Met Your Mother' reveals the mystery,http://medicinehatnews.com/news/world-news/2014/03/31/finale-for-cbs-tv-comedy-how-i-met-your-mother-reveals-the-mystery/,Medicine Hat News,e,dTNDcFkxpMIrspMnwiCGlmdKoRuiM,medicinehatnews.com,1.39635E+12
74575,'How I Met Your Mother': Series Finale Recap,http://blogs.wsj.com/speakeasy/2014/03/31/how-i-met-your-mother-series-finale-recap/,Wall Street Journal \(blog\),e,dTNDcFkxpMIrspMnwiCGlmdKoRuiM,blogs.wsj.com,1.39635E+12
74576,"How I Met Your Mother Series Finale: A Wedding, A Divorce, And a Mother",http://www.usmagazine.com/entertainment/news/how-i-met-your-mother-series-finale-wedding-divorce-mother-2014313,Us Magazine,e,dTNDcFkxpMIrspMnwiCGlmdKoRuiM,www.usmagazine.com,1.39635E+12
74577,'How I Met Your Mother' Finale: The Mother's Name is Revealed!,http://www.justjared.com/2014/03/31/how-i-met-your-mother-finale-the-mothers-name-is-revealed/,Just Jared,e,dTNDcFkxpMIrspMnwiCGlmdKoRuiM,www.justjared.com,1.39635E+12
74578,How I Met Your Mother Co-Creator Carter Bays Discusses Series Finale,http://www.kmbz.com/-How-I-Met-Your-Mother-Co-Creator-Carter-Bays-Disc/18707817,KMBZ,e,dTNDcFkxpMIrspMnwiCGlmdKoRuiM,www.kmbz.com,1.39635E+12
74579,'How I Met Your Mother's' Cobie Smulders on Finale: 'It's Come Full Circle' (Video),http://www.hollywoodreporter.com/live-feed/how-i-met-your-mother-series-finale-cobie-smulders-692455,Hollywood Reporter,e,dTNDcFkxpMIrspMnwiCGlmdKoRuiM,www.hollywoodreporter.com,1.39635E+12
74580,"Cobie Smulders talks HIMYM finale, planning the ending from the start",http://theslanted.com/2014/03/14414/cobie-smulders-talks-himym-finale-planning-ending-start/,The Slanted,e,dTNDcFkxpMIrspMnwiCGlmdKoRuiM,theslanted.com,1.39635E+12
74581,How I Met Your Mother Season 9 Finale Spoilers: Robin & Barney Marriage  ...,http://www.theepochtimes.com/n3/594040-how-i-met-your-mother-season-9-finale-2/,The Epoch Times,e,dTNDcFkxpMIrspMnwiCGlmdKoRuiM,www.theepochtimes.com,1.39635E+12
74582,"After 208 episodes, 'How I Met Your Mother' comes to an end",http://wtvr.com/2014/03/31/after-208-episodes-how-i-met-your-mother-comes-to-an-end/,wtvr.com,e,dTNDcFkxpMIrspMnwiCGlmdKoRuiM,wtvr.com,1.39635E+12
74583,'How I Met Your Mother's' Cobie Smulders Visits 'The Late Show' Tonight,http://tvbythenumbers.zap2it.com/2014/03/31/how-i-met-your-mothers-cobie-smulders-visits-the-late-show-tonight/249872/,TVbytheNumbers,e,dTNDcFkxpMIrspMnwiCGlmdKoRuiM,tvbythenumbers.zap2it.com,1.39635E+12
74584,A Look Back at the 'HIMYM' Cast Over the Years,http://www.etonline.com/tv/144971_A_Look_Back_at_the_HIMYM_Cast_Over_the_Years/,Entertainment Tonight News,e,dTNDcFkxpMIrspMnwiCGlmdKoRuiM,www.etonline.com,1.39635E+12
74585,How I Met Your Mother: Let's Hold Each Other and Cry About the Series Finale,http://www.tv.com/shows/how-i-met-your-mother/community/post/how-i-met-your-mother-series-finale-last-forever-season-9-episode-23-episode-24-139629872617/,TV.com,e,dTNDcFkxpMIrspMnwiCGlmdKoRuiM,www.tv.com,1.39635E+12
74586,"'HOW I MET YOUR MOTHER' SEASON 9 EPISODE 23, 24 STREAM [+  ...",http://www.jobsnhire.com/articles/9215/20140331/met-mother-season-9-episode-23-24-stream-spoilers-what.htm,Jobs \& Hire,e,dTNDcFkxpMIrspMnwiCGlmdKoRuiM,www.jobsnhire.com,1.39635E+12
74587,Watch CBS How I Met Your Mother Live Stream Online: Season 9 Finale 'Last  ...,http://www.gospelherald.com/articles/50779/20140331/met-mother-season-9-finale-live-stream-tonight-mar-31-watch-cbs-online-last-forever.htm,Gospel Herald,e,dTNDcFkxpMIrspMnwiCGlmdKoRuiM,www.gospelherald.com,1.39635E+12
74588,The NYC Locations Used As Inspirations In 'How I Met Your Mother',http://www.youtube.com/watch\?v=kn43xypwoJ0&amp;list=PLeAhy4TE2-hXY1__olkpczdDIx6cleNM6,CBS Local,e,dTNDcFkxpMIrspMnwiCGlmdKoRuiM,www.youtube.com,1.39635E+12
74589,'How I Met Your Mother' Stars Preview Tonight's Series Finale!,http://www.justjared.com/2014/03/31/how-i-met-your-mother-stars-preview-tonights-series-finale/,Just Jared,e,dTNDcFkxpMIrspMnwiCGlmdKoRuiM,www.justjared.com,1.39635E+12
74590,Bailing on TV shows,http://bloguin.com/theapparty/2014-articles/i-bailed-on-how-i-met-your-mother-years-ago.html,Bloguin \(blog\),e,dTNDcFkxpMIrspMnwiCGlmdKoRuiM,bloguin.com,1.39635E+12
74591,The 9 Best-Rated 'How I Met Your Mother' Episodes,http://www.seattlepi.com/technology/businessinsider/article/How-I-Met-Your-Mother-Cast-Reveals-Their-4679681.php,seattlepi.com,e,dTNDcFkxpMIrspMnwiCGlmdKoRuiM,www.seattlepi.com,1.39635E+12
74592,'How I Met Your Mother': What's the Mother's name? -- POLL,http://popwatch.ew.com/2014/03/31/how-i-met-your-mother-mothers-name/,Entertainment Weekly,e,dTNDcFkxpMIrspMnwiCGlmdKoRuiM,popwatch.ew.com,1.39635E+12
74593,'How I Met Your Mother' Comes to End,http://www.wkrg.com/story/25121711/how-i-met-your-mother-comes-to-end,WKRG-TV,e,dTNDcFkxpMIrspMnwiCGlmdKoRuiM,www.wkrg.com,1.39635E+12
74594,A Primer on 'HIMYM',http://www.thedailybeast.com/articles/2014/03/31/everything-you-need-to-know-about-how-i-met-your-mother.html,Daily Beast,e,dTNDcFkxpMIrspMnwiCGlmdKoRuiM,www.thedailybeast.com,1.39635E+12
74595,Wait for it: Four reasons why How I Met Your Mother is the best show on TV,http://www.theglobeandmail.com/arts/television/wait-for-it-4-reasons-why-how-i-met-your-mother-is-the-best-show-on-tv/article17745787/,The Globe and Mail,e,dTNDcFkxpMIrspMnwiCGlmdKoRuiM,www.theglobeandmail.com,1.39635E+12
74596,'How I Met Your Mother' Finale Spoilers: Producers Hint How It Will End For Ted,http://www.inquisitr.com/1195316/how-i-met-your-mother-finale-spoilers-producers-hint-how-it-will-end-for-ted/,The Inquisitr,e,dTNDcFkxpMIrspMnwiCGlmdKoRuiM,www.inquisitr.com,1.39635E+12
74597,How I Met Your Mother Series Finale: Drink Your Way Through the Final Episode  ...,http://www.usmagazine.com/celebrity-style/news/how-i-met-your-mother-series-finale-custom-recipes-2014313,Us Magazine,e,dTNDcFkxpMIrspMnwiCGlmdKoRuiM,www.usmagazine.com,1.39635E+12
74598,Looking Back at How I Met Your Mother's Terrific Pilot,http://www.vulture.com/2014/03/how-i-met-your-mothers-pilot-episode-rewatch.html,Vulture,e,dTNDcFkxpMIrspMnwiCGlmdKoRuiM,www.vulture.com,1.39635E+12
74599,"Monday TV: Mother Ends, Friends Begins",http://www.cambridgechron.com/article/20140331/NEWS/303319991/1019/ENTERTAINMENTLIFE,CambridgeChronicle.com \(blog\),e,dTNDcFkxpMIrspMnwiCGlmdKoRuiM,www.cambridgechron.com,1.39635E+12
183986,Infusion of young blood rejuvenates mice. Have we found the fountain of youth?,http://www.techtimes.com/articles/6514/20140506/infusion-of-young-blood-rejuvenates-mice-have-we-found-the-fountain-of-youth.htm,Tech Times,m,dS6w6bx-tFJ96cMYBawErLk9l-UPM,www.techtimes.com,1.39939E+12
183987,Young Mouse Blood Like a Fountain of Youth for Older Mice,http://www.newsmax.com/thewire/young-mouse-blood-fountain/2014/05/05/id/569429/,Newsmax.com,m,dS6w6bx-tFJ96cMYBawErLk9l-UPM,www.newsmax.com,1.39939E+12
183988,Young blood transfusion in old people can make their brains behave like young  ...,http://topnews.us/content/261592-young-blood-transfusion-old-people-can-make-their-brains-behave-young-brains,TopNews United States,m,dS6w6bx-tFJ96cMYBawErLk9l-UPM,topnews.us,1.39939E+12
183989,"Transfusions Of Young Blood Could Treat Alzheimer's Disease, Claim Scientists",http://www.huffingtonpost.co.uk/2014/05/06/blood-transfusions-young-ageing-alzheimers_n_5271864.html,Huffington Post UK,m,dS6w6bx-tFJ96cMYBawErLk9l-UPM,www.huffingtonpost.co.uk,1.39939E+12
183990,Treating Alzheimer's may Require Young Blood,http://www.ktrh.com/articles/houston-news-121300/treating-alzheimers-may-require-young-blood-12321031,KTRH,m,dS6w6bx-tFJ96cMYBawErLk9l-UPM,www.ktrh.com,1.39939E+12
183991,"New blood recharges old brain, study suggests",http://blouinnews.com/79165/story/new-blood-recharges-old-brain-study-suggests,Blouin News Blogs,m,dS6w6bx-tFJ96cMYBawErLk9l-UPM,blouinnews.com,1.39939E+12
183992,Blood protein rejuvenates brain and muscle in old mice,http://www.newscientist.com/article/dn25516-blood-protein-rejuvenates-brain-and-muscle-in-old-mice.html,New Scientist,m,dS6w6bx-tFJ96cMYBawErLk9l-UPM,www.newscientist.com,1.39939E+12
183993,Young blood reverses effects of aging in mice,http://www.latimes.com/science/sciencenow/la-sci-sn-young-blood-reverses-effects-of-aging-in-mice-20140502-story.html,Los Angeles Times,m,dS6w6bx-tFJ96cMYBawErLk9l-UPM,www.latimes.com,1.39939E+12
183994,Studies Find 'Young' Blood Rejuvenates Aging Mice,http://www.sci-tech-today.com/story.xhtml\?story_id=012000OFFLN0,Sci-Tech Today,m,dS6w6bx-tFJ96cMYBawErLk9l-UPM,www.sci-tech-today.com,1.39939E+12
183995,Young blood holds key for reversing ageing: Studies,http://www.ianslive.in/index.php\?param=news/Young_blood_holds_key_for_reversing_ageing_Studies-421804/Features%20Analyses/35,IANS,m,dS6w6bx-tFJ96cMYBawErLk9l-UPM,www.ianslive.in,1.39939E+12
183996,Young Blood Reverses Signs of Brain Aging in Mice,http://www.ucsf.edu/news/2014/05/114111/signs-brain-aging-are-reversed-mice,UCSF News Services,m,dS6w6bx-tFJ96cMYBawErLk9l-UPM,www.ucsf.edu,1.39939E+12
183997,"Young blood could be the ""Fountain of Youth""",http://www.sandiego6.com/news/local/Younger-blood-could-be-the-Fountain-of-Youth--258062571.html,San Diego 6,m,dS6w6bx-tFJ96cMYBawErLk9l-UPM,www.sandiego6.com,1.39939E+12
183998,Mice study may offer fountain of youth for humans,"http://thejerseytomatopress.com/stories/Mice-may-offer-fountain-of-youth-for-humans,14225\?category_id=56&amp;town_id=1&amp;sub_type=stories",The Jersey Tomato Press,m,dS6w6bx-tFJ96cMYBawErLk9l-UPM,thejerseytomatopress.com,1.39939E+12
183999,Young blood the key to reversing ageing!,http://www.thehealthsite.com/news/young-blood-the-key-to-reversing-ageing/,TheHealthSite,m,dS6w6bx-tFJ96cMYBawErLk9l-UPM,www.thehealthsite.com,1.39939E+12
184000,Young Blood Makes Old Mice Act Younger: Study,http://www.nbcbayarea.com/news/health/Young-Blood-Makes-Old-Mice-Act-Younger-Study-258060091.html,NBC Bay Area,m,dS6w6bx-tFJ96cMYBawErLk9l-UPM,www.nbcbayarea.com,1.39939E+12
184001,Young blood recharges old brains,http://www.abc.net.au/science/articles/2014/05/06/3998888.htm,ABC Online,m,dS6w6bx-tFJ96cMYBawErLk9l-UPM,www.abc.net.au,1.39939E+12
184002,"Stanford, UCSF Researchers Use 'Vampire Mice' To Show Newer Blood Can  ...",http://sanfrancisco.cbslocal.com/2014/05/05/stanford-uc-san-francisco-researchers-use-vampire-mice-to-show-newer-blood-can-have-rejuvenative-effect/,CBS Local,m,dS6w6bx-tFJ96cMYBawErLk9l-UPM,sanfrancisco.cbslocal.com,1.39939E+12
184003,Young blood may hold key to reversing ageing,http://www.thenews.com.pk/Todays-News-1-248413-Young-blood-may-hold-key-to-reversing-ageing,The News International,m,dS6w6bx-tFJ96cMYBawErLk9l-UPM,www.thenews.com.pk,1.39939E+12
184004,Young Blood Reverses Signs of Aging in Mice,http://www.scienceworldreport.com/articles/14479/20140506/young-blood-reverses-signs-of-aging-in-mice.htm,Science World Report,m,dS6w6bx-tFJ96cMYBawErLk9l-UPM,www.scienceworldreport.com,1.39939E+12
184005,'Fountain of Youth' Found in Blood of Young Mice? Young 'Mice Blood' Yields  ...,http://au.ibtimes.com/articles/551263/20140506/young-blood-mice-immortality-brain-improvements.htm,International Business Times AU,m,dS6w6bx-tFJ96cMYBawErLk9l-UPM,au.ibtimes.com,1.39939E+12
184006,"​Miracle component in young blood rejuvenates brain, muscles in older mice",http://rt.com/news/156784-mice-blood-brain-muscle/,RT,m,dS6w6bx-tFJ96cMYBawErLk9l-UPM,rt.com,1.39939E+12
184007,“Young blood” reverses aging in older mice,http://www.healthcentral.com/dailydose/cf/2014/05/05/_young_blood_reverses_aging_in_older_mice,HealthCentral.com,m,dS6w6bx-tFJ96cMYBawErLk9l-UPM,www.healthcentral.com,1.39939E+12
184008,Can Young Blood Reverse Aging?,http://www.edgeonthenet.com/business/corporate/Videos/158623/can_young_blood_reverse_aging,EDGEOnTheNet,m,dS6w6bx-tFJ96cMYBawErLk9l-UPM,www.edgeonthenet.com,1.39939E+12
184009,Blood transfusion from young to old reverses ageing: Study,http://timesofindia.indiatimes.com/home/science/Blood-transfusion-from-young-to-old-reverses-ageing-study/articleshow/34709719.cms,Times of India,m,dS6w6bx-tFJ96cMYBawErLk9l-UPM,timesofindia.indiatimes.com,1.39939E+12
184010,The Fast Draw: Resurrecting the past,http://www.edgeonthenet.com/technology/science/Videos/158625/the_fast_draw:_resurrecting_the_past,EDGEOnTheNet,m,dS6w6bx-tFJ96cMYBawErLk9l-UPM,www.edgeonthenet.com,1.39939E+12
184011,More References for the antiaging GDF11 rejuvenation of brains and muscle in  ...,http://nextbigfuture.com/2014/05/more-references-for-antiaging-gdf11.html,Next Big Future,m,dS6w6bx-tFJ96cMYBawErLk9l-UPM,nextbigfuture.com,1.39939E+12
184012,Studies: Young blood reverses effects of aging in older mice,http://union-bulletin.com/news/2014/may/05/studies-young-blood-reverses-effects-aging-older-m/,Walla Walla Union-Bulletin,m,dS6w6bx-tFJ96cMYBawErLk9l-UPM,union-bulletin.com,1.39939E+12
184013,Young blood holds key for reversing ageing,http://www.punemirror.in/others/scitech/Young-blood-holds-key-for-reversing-ageing/articleshow/34695099.cms,Pune Mirror,m,dS6w6bx-tFJ96cMYBawErLk9l-UPM,www.punemirror.in,1.39939E+12
184014,Young blood could recharge aging bodies,http://blogs.marketwatch.com/encore/2014/05/05/young-blood-could-recharge-aging-bodies/,MarketWatch \(blog\),m,dS6w6bx-tFJ96cMYBawErLk9l-UPM,blogs.marketwatch.com,1.39939E+12
184015,Vampire mice: young blood to the rescue for ageing rodents,http://www.smh.com.au/technology/sci-tech/vampire-mice-young-blood-to-the-rescue-for-ageing-rodents-20140505-zr4zg.html,Sydney Morning Herald,m,dS6w6bx-tFJ96cMYBawErLk9l-UPM,www.smh.com.au,1.39939E+12
184016,Study – Young blood put into older mice reverses effects of aging,http://kplr11.com/2014/05/05/study-young-blood-put-into-older-mice-reverses-effects-of-aging/,kplr11.com,m,dS6w6bx-tFJ96cMYBawErLk9l-UPM,kplr11.com,1.39939E+12
184017,Studies find young blood rejuvenates aging mice,http://america.aljazeera.com/articles/2014/5/5/studies-find-youngbloodrejuvenatesagingmice.html,Al Jazeera America,m,dS6w6bx-tFJ96cMYBawErLk9l-UPM,america.aljazeera.com,1.39939E+12
184018,Can Young Blood Reverse Aging in Old Mice?,http://www.medpagetoday.com/PrimaryCare/Geriatrics/45596\?utm_source=twitterfeed&amp;utm_medium=twitter,MedPage Today,m,dS6w6bx-tFJ96cMYBawErLk9l-UPM,www.medpagetoday.com,1.39939E+12
